Integer Label,Text Label,Anatomic Region,Anatomic Region Modifier,Primary Anatomic Structure,Primary Anatomic Structure Modifier,Segmented Property Category -- CID 7150++,Segmented Property Type,DICOM Context Group for Anatomic Region or Segmented Property Type,Segmented Property Type Modifier,Color,Notes,
0,        background  ,        , , , ,"(309825002,SCT,""Spatial and Relational Concept"")","(new,DCM,""Background"")",716x, ," rgba(0,0,0,0)  ","Definition - ""that which is not part of an object""",
1,        tissue  ,        , , , ," (85756007,SCT,""Tissue"")"," (85756007,SCT,""Tissue"")",716y, ," rgb(128,174,128)  ",        Default label for bodily tissues  ,     
2,        bone  ,        , , , ," (85756007,SCT,""Tissue"") ","(272673000,SCT,""Bone"")",716y,        ," rgb(241,214,145)  ",        ,
3,        skin  ,        , , , ," (85756007,SCT,""Tissue"") ","(39937001,SCT,""Skin"")",716y, ," rgb(177,122,101)  ",        ,
4,        connective tissue  ,        , , , ," (85756007,SCT,""Tissue"") ","(21793004,SCT,""Connective tissue"")",716y, ," rgb(111,184,210)  ",        ,
5,        blood  ,        , , , ,"(91720002,SCT,""Body Substance"")","(87612001,SCT,""Blood"")",716y, ," rgb(216,101,79)  ",        ,
6,        organ  ,        , , , ," (85756007,SCT,""Tissue"") ","(113343008,SCT,""Organ"")",716y, ," rgb(221,130,101)  ",        ,
7,        mass  ,        , , , ," (49755003,SCT,""Morphologically Altered Structure"") ","(4147007,SCT,""Mass"")",7159++,        ," rgb(144,238,144)  ",        Could be tumor or other lesion  ,     
8,        muscle  ,        , , , ," (85756007,SCT,""Tissue"") ","(71616004,SCT,""Muscle"")",716y,        ," rgb(192,104,88)  ",        ,
9,        foreign object  ,        , , , ," (260787004,SCT,""Physical Object"") ","(19227008,SCT,""Foreign body"") ",7158++,        ," rgb(220,245,20)  ","        Implants, surical instruments, table...  ",     
10,        waste  ,        , , , ," (260787004,SCT,""Physical Object"") ","(289925000,SCT,""Waste material"")",716x, ," rgb(78,63,0)  ",        ,
11,        teeth  ,        , , , ," (123037004,SCT,""Anatomical Structure"") ","(38199008,SCT,""Tooth"")",4028++, ," rgb(255,250,220)  ",        ,
12,        fat  ,        , , , ," (85756007,SCT,""Tissue"")         ","(248300009,SCT,""Body fat"")",716y, ," rgb(230,220,70)  ",        ,
13,        gray matter  ,        , , , ," (85756007,SCT,""Tissue"")         ","(389081007,SCT,""Gray matter"")",7153 edited,        ," rgb(200,200,235)  ",        cf. #39   #116 ,     
14,        white matter  ,        , , , ," (85756007,SCT,""Tissue"") ","(389080008,SCT,""White matter"")",7153 edited,        ," rgb(250,250,210)  ",        ,
15,        nerve  ,        , , , ," (85756007,SCT,""Tissue"") ","(119410002,SCT,""Nerve"")",716y, ," rgb(244,214,49)  ",        ,
16,        vein  ,        , , , ," (85756007,SCT,""Tissue"") ","(29092000,SCT,""Vein"")",716y, ," rgb(0,151,206)  ",        ,
17,        artery  ,        , , , ," (85756007,SCT,""Tissue"") ","(51114001,SCT,""Artery"")",716y, ," rgb(216,101,79)  ",        ,
18,        capillary  ,        , , , ," (85756007,SCT,""Tissue"") ","(20982000,SCT,""Capillary"")",716y, ," rgb(183,156,220)  ",        ,
19,        ligament  ,        , , , ," (85756007,SCT,""Tissue"") ","(52082005,SCT,""Ligament"")",716y, ," rgb(183,214,211)  ",        ,
20,        tendon  ,        , , , ," (85756007,SCT,""Tissue"") ","(13024002,SCT,""Tendon"")",716y, ," rgb(152,189,207)  ",        ,
21,        cartilage  ,        , , , ," (85756007,SCT,""Tissue"") ","(309312004,SCT,""Cartilage"")",716y, ," rgb(111,184,210)  ",        ,
22,meniscus  ,        , , , ," (85756007,SCT,""Tissue"") ","(74135004,SCT,""Meniscus"")",716y, ," rgb(178,212,242)  ",        ,
23,        lymph node  ,        , , , ," (85756007,SCT,""Tissue"") ","(59441001,SCT,""Lymph node"")",716y, ," rgb(68,172,100)  ",        ,
24,        lymphatic vessel  ,        , , , ," (85756007,SCT,""Tissue"") ","(83555006,SCT,""Lymphatic vessel"")",716y, ," rgb(111,197,131)  ",        ,
25,        cerebro-spinal fluid  ,        , , , ,"(91720002,SCT,""Body Substance"")","(65216001,SCT,""Cerebrospinal fluid"")",7153,        ," rgb(85,188,255)  ",        cf. # 106 ,     
26,        bile  ,        , , , ,"(91720002,SCT,""Body Substance"")","(70150004,SCT,""Bile"")",716y, ," rgb(0,145,30)  ",        ,
27,        urine  ,        , , , ,"(91720002,SCT,""Body Substance"")","(78014005,SCT,""Urine"")",716y, ," rgb(214,230,130)  ",        ,
28,        feces  ,        , , , ,"(91720002,SCT,""Body Substance"")","(39477002,SCT,""Feces"")",716y, ," rgb(78,63,0)  ",        ,
29,        gas  ,        , , , ,"(91720002,SCT,""Body Substance"")","(74947009,SCT,""Gas"")",716y, ," rgb(218,255,255)  ",        ,
30,        fluid  ,        , , , ,"(91720002,SCT,""Body Substance"")","(32457005,SCT,""Body fluid"")",716y, ," rgb(170,250,250)  ",        ,
31,        edema  ,        , , , ," (49755003,SCT,""Morphologically Altered Structure"") ","(79654002,SCT,""Edema"")",7159++,        ," rgb(140,224,228)  ",        ,
32,        bleeding  ,        , , , ," (49755003,SCT,""Morphologically Altered Structure"") ","(50960005,SCT,""Hemorrhage"")",7159++,        ," rgb(188,65,28)  ",        ,
33,        necrosis  ,        , , , ," (49755003,SCT,""Morphologically Altered Structure"") ","(6574001,SCT,""Necrosis"")",7159++,        ," rgb(216,191,216)  ",        ,
34,        clot  ,        , , , ," (49755003,SCT,""Morphologically Altered Structure"") ","(75753009,SCT,""Blood clot"")",7159++,        ," rgb(145,60,66)  ",        ,
35,        embolism  ,        , , , ," (49755003,SCT,""Morphologically Altered Structure"") ","(55584005,SCT,""Embolus"")",7159++,        ," rgb(150,98,83)  ",        ,
36,        head  ,        , , , ," (123037004,SCT,""Anatomical Structure"") ","(69536005,SCT,""Head"")",4028, ," rgb(177,122,101)  ",        ,
37,        central nervous system  ,        , , , ," (123037004,SCT,""Anatomical Structure"") ","(21483005,SCT,""Central nervous system"")",7153++, ," rgb(244,214,49)  ",        ,
38,        brain  ,        , , , ," (123037004,SCT,""Anatomical Structure"") ","(12738006,SCT,""Brain"")",7153++,        ," rgb(250,250,225)  ",        ,
39,        gray matter of brain  ,        , , , ," (85756007,SCT,""Tissue"") ","(40146001,SCT,""Cerebral gray matter"")",7153 edited,        ," rgb(200,200,215)  ",        cf. #13   #116 ,     
40,        telencephalon  ,        , , , ," (123037004,SCT,""Anatomical Structure"") ","(11628009,SCT,""Telencephalon"")",7153++, ," rgb(68,131,98)  ",        ,
41,        cerebral cortex  ,        , , , ," (123037004,SCT,""Anatomical Structure"") ","(40146001,SCT,""Cerebral cortex"")",7153++, ," rgb(128,174,128)  ",        ,
42,        right frontal lobe  ,        , , , ," (123037004,SCT,""Anatomical Structure"") ","(83251001,SCT,""Frontal lobe"")",7153++,"        (24028007,SCT,""Right"") "," rgb(83,146,164)  ",        ,
43,        left frontal lobe  ,        , , , ," (123037004,SCT,""Anatomical Structure"") ","(83251001,SCT,""Frontal lobe"")",7153++,"        (7771000,SCT,""Left"") "," rgb(83,146,164)  ","in the cases like this one, where a code exists for left and right parts of a structure, should those be used, or should left/right modifiers be used?",
44,        right temporal lobe  ,        , , , ," (123037004,SCT,""Anatomical Structure"") ","(78277001,SCT,""Temporal lobe"")",7153++,"        (24028007,SCT,""Right"") "," rgb(162,115,105)  ",        ,
45,        left temporal lobe  ,        , , , ," (123037004,SCT,""Anatomical Structure"") ","(78277001,SCT,""Temporal lobe"")",7153++,"        (7771000,SCT,""Left"") "," rgb(162,115,105)  ",        ,
46,        right parietal lobe  ,        , , , ," (123037004,SCT,""Anatomical Structure"") "," (16630005,SCT,""Parietal lobe"") ",7153++,"        (24028007,SCT,""Right"") "," rgb(141,93,137)  ",        ,
47,        left parietal lobe  ,        , , , ," (123037004,SCT,""Anatomical Structure"") "," (16630005,SCT,""Parietal lobe"") ",7153++,"        (7771000,SCT,""Left"") "," rgb(141,93,137)  ",        ,
48,        right occipital lobe  ,        , , , ," (123037004,SCT,""Anatomical Structure"") "," (31065004,SCT,""Occipital lobe"") ",7153++,"        (24028007,SCT,""Right"") "," rgb(182,166,110)  ",        ,
49,        left occipital lobe  ,        , , , ," (123037004,SCT,""Anatomical Structure"") "," (31065004,SCT,""Occipital lobe"") ",7153++,"        (7771000,SCT,""Left"") "," rgb(182,166,110)  ",        ,
50,        right insular lobe  ,        , , , ," (123037004,SCT,""Anatomical Structure"") ","(36169008,SCT,""Insula"")",7153++,"        (24028007,SCT,""Right"") "," rgb(188,135,166)  ",        ,
51,        left insular lobe  ,        , , , ," (123037004,SCT,""Anatomical Structure"") ","(36169008,SCT,""Insula"")",7153++,"        (7771000,SCT,""Left"") "," rgb(188,135,166)  ",        ,
52,        right limbic lobe  ,        , , , ," (123037004,SCT,""Anatomical Structure"") ","(279215006,SCT,""Limbic lobe"")",7153++,"        (24028007,SCT,""Right"") "," rgb(154,150,201)  ",ambiguous? http://en.wikipedia.org/wiki/Limbic_lobe,
53,        left limbic lobe  ,        , , , ," (123037004,SCT,""Anatomical Structure"") ","(279215006,SCT,""Limbic lobe"")",7153++,"        (7771000,SCT,""Left"") "," rgb(154,150,201)  ",ambiguous? http://en.wikipedia.org/wiki/Limbic_lobe,
54,        right striatum  ,        , , , ," (123037004,SCT,""Anatomical Structure"") ","(31428008,SCT,""Corpus striatum"")",7153++,"        (24028007,SCT,""Right"") "," rgb(177,140,190)  ",        ,
55,        left striatum  ,        , , , ," (123037004,SCT,""Anatomical Structure"") ","(31428008,SCT,""Corpus striatum"")",7153++,"        (7771000,SCT,""Left"") "," rgb(177,140,190)  ",        ,
56,        right caudate nucleus  ,        , , , ," (123037004,SCT,""Anatomical Structure"") ","(11000004,SCT,""Caudate nucleus"")",7153++,"        (24028007,SCT,""Right"") ","        rgb(30,111,85)  ",        ,
57,        left caudate nucleus  ,        , , , ," (123037004,SCT,""Anatomical Structure"") ","(11000004,SCT,""Caudate nucleus"")",7153++,"        (7771000,SCT,""Left"") ","        rgb(30,111,85)  ",        ,
58,        right putamen  ,        , , , ," (123037004,SCT,""Anatomical Structure"") ","(89278009,SCT,""Putamen"")",7153++,"        (24028007,SCT,""Right"") "," rgb(210,157,166)  ",        ,
59,        left putamen  ,        , , , ," (123037004,SCT,""Anatomical Structure"") ","(89278009,SCT,""Putamen"")",7153++,"        (7771000,SCT,""Left"") "," rgb(210,157,166)  ",        ,
60,        right pallidum  ,        , , , ," (123037004,SCT,""Anatomical Structure"") ","(14738005,SCT,""Globus pallidus"")",7153++,"        (24028007,SCT,""Right"") "," rgb(48,129,126)  ",        ,
61,        left pallidum  ,        , , , ," (123037004,SCT,""Anatomical Structure"") ","(14738005,SCT,""Globus pallidus"")",7153++,"        (7771000,SCT,""Left"") "," rgb(48,129,126)  ",        ,
62,        right amygdaloid complex  ,        , , , ," (123037004,SCT,""Anatomical Structure"") ","(4958002,SCT,""Amygdala"")",7153++,"        (24028007,SCT,""Right"") "," rgb(98,153,112)  ",        ,
63,        left amygdaloid complex  ,        , , , ," (123037004,SCT,""Anatomical Structure"") ","(4958002,SCT,""Amygdala"")",7153++,"        (7771000,SCT,""Left"") "," rgb(98,153,112)  ",        ,
64,        diencephalon  ,        , , , ," (123037004,SCT,""Anatomical Structure"") ","(87563008,SCT,""Diencephalon"")",7153++,"        (24028007,SCT,""Right"") "," rgb(69,110,53)  ",        ,
65,        thalamus  ,        , , , ," (123037004,SCT,""Anatomical Structure"") ","(119406000,SCT,""Thalamus"")",7153++,"        (7771000,SCT,""Left"") "," rgb(166,113,137)  ",        ,
66,        right thalamus  ,        , , , ," (123037004,SCT,""Anatomical Structure"") ","(119406000,SCT,""Thalamus"")",7153++,"        (24028007,SCT,""Right"") "," rgb(122,101,38)  ",        ,
67,        left thalamus  ,        , , , ," (123037004,SCT,""Anatomical Structure"") ","(119406000,SCT,""Thalamus"")",7153++,"        (7771000,SCT,""Left"") "," rgb(122,101,38)  ",        ,
68,        pineal gland  ,        , , , ," (123037004,SCT,""Anatomical Structure"") ","(45793000,SCT,""Pineal Gland"")",7153++, ," rgb(253,135,192)  ",        ,
69,        midbrain  ,        , , , ," (123037004,SCT,""Anatomical Structure"") ","(61962009,SCT,""Midbrain"")",7153++, ," rgb(145,92,109)  ",        ,
70,        substantia nigra  ,        , , , ," (123037004,SCT,""Anatomical Structure"") ","(70007007,SCT,""Substantia nigra"")",7153++, ," rgb(46,101,131)  ",        ,
71,        right substantia nigra  ,        , , , ," (123037004,SCT,""Anatomical Structure"") ","(70007007,SCT,""Substantia nigra"")",7153++,"        (24028007,SCT,""Right"") "," rgb(0,108,112)  ",        ,
72,        left substantia nigra  ,        , , , ," (123037004,SCT,""Anatomical Structure"") ","(70007007,SCT,""Substantia nigra"")",7153++,"        (7771000,SCT,""Left"") "," rgb(0,108,112)  ",        ,
73,        cerebral white matter  ,        , , , ," (123037004,SCT,""Anatomical Structure"") ","(68523003,SCT,""Cerebral white matter"")",7153++, ," rgb(250,250,225)  ",        ,
74,        right superior longitudinal fasciculus  ,        , , , ," (123037004,SCT,""Anatomical Structure"") ","        (89202009,SCT,""Superior longitudinal fasciculus"")",7153++,"        (24028007,SCT,""Right"") ","        rgb(127,150,88)  ",        ,
75,        left superior longitudinal fasciculus  ,        , , , ," (123037004,SCT,""Anatomical Structure"") ","        (89202009,SCT,""Superior longitudinal fasciculus"")",7153++,"        (7771000,SCT,""Left"") ","        rgb(127,150,88)  ",        ,
76,        right inferior longitudinal fasciculus  ,        , , , ," (123037004,SCT,""Anatomical Structure"") ","(55233005,SCT,""Inferior longitudinal fasciculus"")",7153++,"        (24028007,SCT,""Right"") "," rgb(159,116,163)  ",        ,
77,        left inferior longitudinal fasciculus  ,        , , , ," (123037004,SCT,""Anatomical Structure"") ","(55233005,SCT,""Inferior longitudinal fasciculus"")",7153++,"        (7771000,SCT,""Left"") "," rgb(159,116,163)  ",        ,
78,        right arcuate fasciculus  ,        , , , ," (123037004,SCT,""Anatomical Structure"") ","(276650,FMA,""Arcuate fasciculus"")",7153++,"        (24028007,SCT,""Right"") ","        rgb(125,102,154)  ",        SNOMED needs fixing - specifies arcuate as synonym (ratehr than part        of) superior longitudinal fasciculus ,     
79,        left arcuate fasciculus  ,        , , , ," (123037004,SCT,""Anatomical Structure"") ","(276650,FMA,""Arcuate fasciculus"")",7153++,"        (7771000,SCT,""Left"") ","        rgb(125,102,154)  ",        ,
80,        right uncinate fasciculus  ,        , , , ," (123037004,SCT,""Anatomical Structure"") ","        (26230003,SCT,""Uncinate fasciculus"")",7153++,"        (24028007,SCT,""Right"") ","        rgb(106,174,155)  ",        ,
81,        left uncinate fasciculus  ,        , , , ," (123037004,SCT,""Anatomical Structure"") ","        (26230003,SCT,""Uncinate fasciculus"")",7153++,"        (7771000,SCT,""Left"") ","        rgb(106,174,155)  ",        ,
82,        right cingulum bundle  ,        , , , ," (123037004,SCT,""Anatomical Structure"") ","(37035000,SCT,""Cingulum"")",7153++,"        (24028007,SCT,""Right"") "," rgb(154,146,83)  ",        ,
83,        left cingulum bundle  ,        , , , ," (123037004,SCT,""Anatomical Structure"") ","(37035000,SCT,""Cingulum"")",7153++,"        (7771000,SCT,""Left"") "," rgb(154,146,83)  ",        ,
84,        projection fibers  ,        , , , , , ,7153++, ," rgb(126,126,55)  ",        ,
85,        right corticospinal tract  ,        , , , ," (123037004,SCT,""Anatomical Structure"") ","(461002,SCT,""Lateral corticospinal tract"")",7153++,"        (24028007,SCT,""Right"") "," rgb(201,160,133)  ",        ,
86,        left corticospinal tract  ,        , , , ," (123037004,SCT,""Anatomical Structure"") ","(461002,SCT,""Lateral corticospinal tract"")",7153++,"        (7771000,SCT,""Left"") "," rgb(201,160,133)  ",        ,
87,        right optic radiation  ,        , , , ," (123037004,SCT,""Anatomical Structure"") ","(70105001,SCT,""Optic radiation"")",7153++,"        (24028007,SCT,""Right"") "," rgb(78,152,141)  ",        ,
88,        left optic radiation  ,        , , , ," (123037004,SCT,""Anatomical Structure"") ","(70105001,SCT,""Optic radiation"")",7153++,"        (7771000,SCT,""Left"") "," rgb(78,152,141)  ",        ,
89,        right medial lemniscus  ,        , , , ," (123037004,SCT,""Anatomical Structure"") ","(30114003,SCT,""Medial Lemniscus"")",7153++,"        (24028007,SCT,""Right"") "," rgb(174,140,103)  ",        ,
90,        left medial lemniscus  ,        , , , ," (123037004,SCT,""Anatomical Structure"") ","(30114003,SCT,""Medial Lemniscus"")",7153++,"        (7771000,SCT,""Left"") "," rgb(174,140,103)  ",        ,
91,        right superior cerebellar peduncle  ,        , , , ," (123037004,SCT,""Anatomical Structure"") ","(11089000,SCT,""Superior cerebellar peduncle"")",7153++,"        (24028007,SCT,""Right"") "," rgb(139,126,177)  ",        ,
92,        left superior cerebellar peduncle  ,        , , , ," (123037004,SCT,""Anatomical Structure"") ","(11089000,SCT,""Superior cerebellar peduncle"")",7153++,"        (7771000,SCT,""Left"") "," rgb(139,126,177)  ",        ,
93,        right middle cerebellar peduncle  ,        , , , ," (123037004,SCT,""Anatomical Structure"") ","(33723005,SCT,""Middle cerebellar peduncle"")",7153++,"        (24028007,SCT,""Right"") "," rgb(148,120,72)  ",        ,
94,        left middle cerebellar peduncle  ,        , , , ," (123037004,SCT,""Anatomical Structure"") ","(33723005,SCT,""Middle cerebellar peduncle"")",7153++,"        (7771000,SCT,""Left"") "," rgb(148,120,72)  ",        ,
95,        right inferior cerebellar peduncle  ,        , , , ," (123037004,SCT,""Anatomical Structure"") ","(67701001,SCT,""Inferior cerebellar peduncle"")",7153++,"        (24028007,SCT,""Right"") "," rgb(186,135,135)  ",        ,
96,        left inferior cerebellar peduncle  ,        , , , ," (123037004,SCT,""Anatomical Structure"") ","(67701001,SCT,""Inferior cerebellar peduncle"")",7153++,"        (7771000,SCT,""Left"") "," rgb(186,135,135)  ",        ,
97,        optic chiasm  ,        , , , ," (123037004,SCT,""Anatomical Structure"") ","(244453006,SCT,""Optic chiasm"")",7153++, ," rgb(99,106,24)  ",        ,
98,        right optic tract  ,        , , , ," (123037004,SCT,""Anatomical Structure"") "," (53238003,SCT,""Optic tract"")
",7153++,"        (24028007,SCT,""Right"") "," rgb(156,171,108)  ",        ,
99,        left optic tract  ,        , , , ," (123037004,SCT,""Anatomical Structure"") "," (53238003,SCT,""Optic tract"")
",7153++,"        (7771000,SCT,""Left"") "," rgb(156,171,108)  ",        ,
100,        right fornix  ,        , , , ," (123037004,SCT,""Anatomical Structure"") ","(87463005,SCT,""Cerebral fornix"")",7153++,"        (24028007,SCT,""Right"") "," rgb(64,123,147)  ",        ,
101,        left fornix  ,        , , , ," (123037004,SCT,""Anatomical Structure"") ","(87463005,SCT,""Cerebral fornix"")",7153++,"        (7771000,SCT,""Left"") "," rgb(64,123,147)  ",        ,
102,        commissural fibers  ,        , , , , , ,7153++, ," rgb(138,95,74)  ",        ,
103,        corpus callosum  ,        , , , ," (123037004,SCT,""Anatomical Structure"") ","(88442005,SCT,""Corpus callosum"")",7153++, ," rgb(97,113,158)  ",        ,
104,        posterior commissure  ,        , , , ," (123037004,SCT,""Anatomical Structure"") ","(279336005,SCT,""Posterior cerebral commissure"")",7153++, ," rgb(126,161,197)  ",        ,
105,        cerebellar white matter  ,        , , , ," (123037004,SCT,""Anatomical Structure"") "," (33060004,SCT,""Cerebellar white matter"")",7153++,        ," rgb(194,195,164)  ",        ,
106,        CSF space  ,        , , , ," (123037004,SCT,""Anatomical Structure"") "," (280371009,SCT,""Brain cerebrospinal fluid pathway"")",7153++,        ," rgb(85,188,255)  ","        cf. # 25, is this one supposed to be brain-specific? assume so ",     
107,        ventricles of brain  ,        , , , ," (123037004,SCT,""Anatomical Structure"") ","(35764002,SCT,""Brain ventricle"")",7153++, ," rgb(88,106,215)  ",        ,
108,        right lateral ventricle  ,        , , , ," (123037004,SCT,""Anatomical Structure"") "," (66720007,SCT,""Lateral ventricle"")",7153++,"        (24028007,SCT,""Right"") "," rgb(88,106,215)  ",        ,
109,        left lateral ventricle  ,        , , , ," (123037004,SCT,""Anatomical Structure"") "," (66720007,SCT,""Lateral ventricle"")",7153++,"        (7771000,SCT,""Left"") "," rgb(88,106,215)  ",        ,
110,        right third ventricle  ,        , , , ," (123037004,SCT,""Anatomical Structure"") "," (49841001,SCT,""Third ventricle"")",7153++,"        (24028007,SCT,""Right"") "," rgb(88,106,215)  ",        ,
111,        left third ventricle  ,        , , , ," (123037004,SCT,""Anatomical Structure"") "," (49841001,SCT,""Third ventricle"")",7153++,"        (7771000,SCT,""Left"") "," rgb(88,106,215)  ",        ,
112,        cerebral aqueduct  ,        , , , ," (123037004,SCT,""Anatomical Structure"") ","(80447000,SCT,""Cerebral aqueduct"")",7153++, ," rgb(88,106,215)  ",        ,
113,        fourth ventricle  ,        , , , ," (123037004,SCT,""Anatomical Structure"") ","(35918002,SCT,""Fourth ventricle"")",7153++, ," rgb(88,106,215)  ",        ,
114,        subarachnoid space  ,        , , , ," (123037004,SCT,""Anatomical Structure"") "," (35951006,SCT,""Subarachnoid space"")",7153++, ," rgb(88,106,215)  ",        ,
115,        spinal cord  ,        , , , ," (123037004,SCT,""Anatomical Structure"") "," (2748008,SCT,""Spinal cord"")",7153++, ," rgb(244,214,49)  ",        ,
116,        gray matter of spinal cord  ,        , , , ," (123037004,SCT,""Anatomical Structure"") "," (12958003,SCT,""Spinal cord gray matter"")",7153++,        ," rgb(200,200,215)  ",        cf. #7   #39 ,     
117,        white matter of spinal cord  ,        , , , ," (123037004,SCT,""Anatomical Structure"") "," (27088001,SCT,""Spinal cord white matter"")",7153++,        ," rgb(250,250,225)  ",        ,
118,        endocrine system of brain  ,        , , , , , ,7153++, ," rgb(82,174,128)  ",what is this ? ant and pos pituitary ? infundibulum ? hypothalamus ? pineal too ? why group these ?,
119,        pituitary gland  ,        , , , ," (123037004,SCT,""Anatomical Structure"") "," (56329008,SCT,""Pituitary"")",7153++, ," rgb(57,157,110)  ",        ,
120,        adenohypophysis  ,        , , , ," (123037004,SCT,""Anatomical Structure"") ","(62818001,SCT,""Adenohypophysis"")",7153++, ," rgb(60,143,83)  ",        ,
121,        neurohypophysis  ,        , , , ," (123037004,SCT,""Anatomical Structure"") "," (37512009,SCT,""Neurohypophysis"")",7153++, ," rgb(92,162,109)  ",        ,
122,        meninges  ,        , , , ," (123037004,SCT,""Anatomical Structure"") "," (1231004,SCT,""Meninges"")",7153,        ," rgb(255,244,209)  ",        ,
123,        dura mater  ,        , , , ," (123037004,SCT,""Anatomical Structure"") "," (18545000,SCT,""Dura mater"")",7153++, ," rgb(255,244,209)  ",        ,
124,        arachnoid  ,        , , , ," (123037004,SCT,""Anatomical Structure"") "," (75042008,SCT,""Arachnoid"")",7153++, ," rgb(255,244,209)  ",        ,
125,        pia mater  ,        , , , ," (123037004,SCT,""Anatomical Structure"") "," (23180006,SCT,""Pia mater"")",7153++, ," rgb(255,244,209)  ",        ,
126,        muscles of head  ,        , , , ," (123037004,SCT,""Anatomical Structure"") "," (22688005,SCT,""Muscle of head"")",4028++, ," rgb(201,121,77)  ",        ,
127,        salivary glands  ,        , , , ," (123037004,SCT,""Anatomical Structure"") ","(385294005,SCT,""Salivary gland"")",4028++, ," rgb(70,163,117)  ",        ,
128,        lips  ,        , , , ," (123037004,SCT,""Anatomical Structure"") "," (48477009,SCT,""Lip"")",4028++, ," rgb(188,91,95)  ",        ,
129,        nose  ,        , , , ," (123037004,SCT,""Anatomical Structure"") "," (45206002,SCT,""Nose"")",4028++, ," rgb(177,122,101)  ",        ,
130,        tongue  ,        , , , ," (123037004,SCT,""Anatomical Structure"") "," (21974007,SCT,""Tongue"")",4028++, ," rgb(166,84,94)  ",        ,
131,        soft palate  ,        , , , ," (123037004,SCT,""Anatomical Structure"") "," (49460000,SCT,""Soft palate"")",4028++, ," rgb(182,105,107)  ",        ,
132,        right inner ear  ,        , , , ," (123037004,SCT,""Anatomical Structure"") ","(22945000,SCT,""Inner ear"")",4028++,"        (24028007,SCT,""Right"") "," rgb(229,147,118)  ",        ,
133,        left inner ear  ,        , , , ," (123037004,SCT,""Anatomical Structure"") ","(22945000,SCT,""Inner ear"")",4028++,"        (7771000,SCT,""Left"") "," rgb(229,147,118)  ",        ,
134,        right external ear  ,        , , , ," (123037004,SCT,""Anatomical Structure"") "," (28347008,SCT,""External ear"")",4028++,"        (24028007,SCT,""Right"") "," rgb(174,122,90)  ",        ,
135,        left external ear  ,        , , , ," (123037004,SCT,""Anatomical Structure"") "," (28347008,SCT,""External ear"")",4028++,"        (7771000,SCT,""Left"") "," rgb(174,122,90)  ",        ,
136,        right middle ear  ,        , , , ," (123037004,SCT,""Anatomical Structure"") "," (25342003,SCT,""Middle ear"")",4028++,"        (24028007,SCT,""Right"") "," rgb(201,112,73)  ",        ,
137,        left middle ear  ,        , , , ," (123037004,SCT,""Anatomical Structure"") "," (25342003,SCT,""Middle ear"")",4028++,"        (7771000,SCT,""Left"") "," rgb(201,112,73)  ",        ,
138,        right eyeball  ,        , , , ," (123037004,SCT,""Anatomical Structure"") "," (79652003,SCT,""Eyeball"")",4028++,"        (24028007,SCT,""Right"") "," rgb(194,142,0)  ",        ,
139,        left eyeball  ,        , , , ," (123037004,SCT,""Anatomical Structure"") "," (79652003,SCT,""Eyeball"")",4028++,"        (7771000,SCT,""Left"") "," rgb(194,142,0)  ",        ,
140,        skull  ,        , , , ," (123037004,SCT,""Anatomical Structure"") "," (89546000,SCT,""Skull"")",4028,        ," rgb(241,213,144)  ",        ,
141,        right frontal bone  ,        , , , ," (123037004,SCT,""Anatomical Structure"") "," (74872008,SCT,""Frontal bone"")",4028++,"        (24028007,SCT,""Right"") "," rgb(203,179,77)  ",        ,
142,        left frontal bone  ,        , , , ," (123037004,SCT,""Anatomical Structure"") "," (74872008,SCT,""Frontal bone"")",4028++,"        (7771000,SCT,""Left"") "," rgb(203,179,77)  ",        ,
143,        right parietal bone  ,        , , , ," (123037004,SCT,""Anatomical Structure"") "," (24924006,SCT,""Parietal bone"")",4028++,"        (24028007,SCT,""Right"") "," rgb(229,204,109)  ",        ,
144,        left parietal bone  ,        , , , ," (123037004,SCT,""Anatomical Structure"") "," (24924006,SCT,""Parietal bone"")",4028++,"        (7771000,SCT,""Left"") "," rgb(229,204,109)  ",        ,
145,        right temporal bone  ,        , , , ," (123037004,SCT,""Anatomical Structure"") "," (60911003,SCT,""Temporal bone"")",4028++,"        (24028007,SCT,""Right"") "," rgb(255,243,152)  ",        ,
146,        left temporal bone  ,        , , , ," (123037004,SCT,""Anatomical Structure"") "," (60911003,SCT,""Temporal bone"")",4028++,"        (7771000,SCT,""Left"") "," rgb(255,243,152)  ",        ,
147,        right sphenoid bone  ,        , , , ," (123037004,SCT,""Anatomical Structure"") "," (73117003,SCT,""Sphenoid bone"") ",4028++,"        (24028007,SCT,""Right"") "," rgb(209,185,85)  ",        ,
148,        left sphenoid bone  ,        , , , ," (123037004,SCT,""Anatomical Structure"") "," (73117003,SCT,""Sphenoid bone"") ",4028++,"        (7771000,SCT,""Left"") "," rgb(209,185,85)  ",        ,
149,        right ethmoid bone  ,        , , , ," (123037004,SCT,""Anatomical Structure"") "," (52374004,SCT,""Ethmoid bone"")",4028++,"        (24028007,SCT,""Right"") "," rgb(248,223,131)  ",        ,
150,        left ethmoid bone  ,        , , , ," (123037004,SCT,""Anatomical Structure"") "," (52374004,SCT,""Ethmoid bone"")",4028++,"        (7771000,SCT,""Left"") "," rgb(248,223,131)  ",        ,
151,        occipital bone  ,        , , , ," (123037004,SCT,""Anatomical Structure"") "," (31640002,SCT,""Occipital bone"")",4028++, ," rgb(255,230,138)  ",        ,
152,        maxilla  ,        , , , ," (123037004,SCT,""Anatomical Structure"") "," (70925003,SCT,""Maxilla"")",4028, ," rgb(196,172,68)  ",        ,
153,        right zygomatic bone  ,"(13881006,SCT,""Zygomatic arch"")","        (24028007,SCT,""Right"") ",        , ," (123037004,SCT,""Anatomical Structure"") ","(13881006,SCT,""Zygoma"")",4028++,"        (24028007,SCT,""Right"") "," rgb(255,255,167)  ","? use more general (13881006,SCT,""Zygoma""), also, where is the left one ?? ",     
154,        right lacrimal bone  ,        , , , ," (123037004,SCT,""Anatomical Structure"") "," (6229007,SCT,""Lacrimal bone"")        ",4028++,"        (24028007,SCT,""Right"") "," rgb(255,250,160)  ",where is the left one ?? ,
155,        vomer bone  ,        , , , ," (123037004,SCT,""Anatomical Structure"") "," (87166008,SCT,""Vomer bone"")",4028++, ," rgb(255,237,145)  ",        ,
156,        right palatine bone  ,"        (51283005,SCT,""Palatine Bone"") ","        (24028007,SCT,""Right"") ",        , ," (123037004,SCT,""Anatomical Structure"") "," (51283005,SCT,""Palatine bone"")         ",4028++,"        (24028007,SCT,""Right"") "," rgb(242,217,123)  ",        ,
157,        left palatine bone  ,"        (51283005,SCT,""Palatine Bone"") ","        (7771000,SCT,""Left"") ",        , ," (123037004,SCT,""Anatomical Structure"") "," (51283005,SCT,""Palatine bone"")         ",4028++,"        (7771000,SCT,""Left"") "," rgb(242,217,123)  ",        ,
158,        mandible  ,        , , , ," (123037004,SCT,""Anatomical Structure"") "," (91609006,SCT,""Mandible"")",4028, ," rgb(222,198,101)  ",        ,
159,        neck  ,        , , , ," (123037004,SCT,""Anatomical Structure"") "," (45048000,SCT,""Neck"")",4028, ," rgb(177,122,101)  ",        ,
160,        muscles of neck  ,        , , , ," (123037004,SCT,""Anatomical Structure"") ","(81727001,SCT,""Muscle of neck"")       ",4028++, ," rgb(213,124,109)  ",        ,
161,        pharynx  ,        , , , ," (123037004,SCT,""Anatomical Structure"") ","(54066008,SCT,""Pharynx"")",4040, ," rgb(184,105,108)  ",        ,
162,        larynx  ,        , , , ," (123037004,SCT,""Anatomical Structure"") "," (4596009,SCT,""Larynx"")",4040 edited, ," rgb(150,208,243)  ",        ,
163,        thyroid gland  ,        , , , ," (123037004,SCT,""Anatomical Structure"") "," (69748006,SCT,""Thyroid"")",4030 edited, ," rgb(62,162,114)  ",        ,
164,        right parathyroid glands  ,        , , , ," (123037004,SCT,""Anatomical Structure"") "," (111002,SCT,""Parathyroid"")",4030 edited,"        (24028007,SCT,""Right"") "," rgb(62,162,114)  ",        ,
165,        left parathyroid glands  ,        , , , ," (123037004,SCT,""Anatomical Structure"") "," (111002,SCT,""Parathyroid"")",4030 edited,"        (7771000,SCT,""Left"") "," rgb(62,162,114)  ",        ,
166,        skeleton of neck  ,        , , , ," (123037004,SCT,""Anatomical Structure"") ","(312779009,SCT,""Bone structure of head and/or neck"")",4028++, ," rgb(242,206,142)  ",        ,
167,        hyoid bone  ,        , , , ," (123037004,SCT,""Anatomical Structure"") "," (21387005,SCT,""Hyoid bone"")",4028++, ," rgb(250,210,139)  ",        ,
168,        cervical vertebral column  ,        , , , ," (123037004,SCT,""Anatomical Structure"") ","(122494005,SCT,""Cervical spine"")       ",4028++, ," rgb(255,255,207)  ",        ,
169,        thorax  ,        , , , ," (123037004,SCT,""Anatomical Structure"") "," (51185008,SCT,""Thorax"")",7155++, ," rgb(177,122,101)  ",        ,
170,        trachea  ,        , , , ," (123037004,SCT,""Anatomical Structure"") "," (44567001,SCT,""Trachea"")",7155++, ," rgb(182,228,255)  ",        ,
171,        bronchi  ,        , , , ," (123037004,SCT,""Anatomical Structure"") ","(955009,SCT,""Bronchus"")",7155,        ," rgb(175,216,244)  ",        ,
172,        right lung  ,        , , , ," (123037004,SCT,""Anatomical Structure"") ","(39607008,SCT,""Lung"")",7155,"        (24028007,SCT,""Right"") ","        rgb(197,165,145)  ",        ,
173,        left lung  ,        , , , ," (123037004,SCT,""Anatomical Structure"") ","(39607008,SCT,""Lung"")",7155,"        (7771000,SCT,""Left"") ","        rgb(197,165,145)  ",        ,
174,        superior lobe of right lung  ,        , , , ," (123037004,SCT,""Anatomical Structure"") ","(45653009,SCT,""Upper lobe of lung"")",7155++,"        (24028007,SCT,""Right"") "," rgb(172,138,115)  ",        ,
175,        superior lobe of left lung  ,        , , , ," (123037004,SCT,""Anatomical Structure"") ","(45653009,SCT,""Upper lobe of lung"")",7155++,"        (7771000,SCT,""Left"") "," rgb(172,138,115)  ",        ,
176,        middle lobe of right lung  ,        , , , ," (123037004,SCT,""Anatomical Structure"") ","(72481006,SCT,""Middle lobe of right lung"")",7155++, ," rgb(202,164,140)  ",        ,
177,        inferior lobe of right lung  ,        , , , ," (123037004,SCT,""Anatomical Structure"") ","(90572001,SCT,""Lower lobe of lung"")",7155++,"        (24028007,SCT,""Right"") "," rgb(224,186,162)  ",        ,
178,        inferior lobe of left lung  ,        , , , ," (123037004,SCT,""Anatomical Structure"") ","(90572001,SCT,""Lower lobe of lung"")",7155++,"        (7771000,SCT,""Left"") "," rgb(224,186,162)  ",        ,
179,        pleura  ,        , , , ," (123037004,SCT,""Anatomical Structure"") "," (3120008,SCT,""Pleura"")",7155++, ," rgb(255,245,217)  ",        ,
180,        heart  ,        , , , ," (123037004,SCT,""Anatomical Structure"") ","(80891009,SCT,""Heart"")",7152,        ," rgb(206,110,84)  ",        ,
181,        right atrium  ,        , , , ," (123037004,SCT,""Anatomical Structure"") "," (59652004,SCT,""Atrium"")",6113, ," rgb(210,115,89)  ",        ,
182,        left atrium  ,        , , , ," (123037004,SCT,""Anatomical Structure"") "," (59652004,SCT,""Atrium"")",6113, ," rgb(203,108,81)  ",        ,
183,        atrial septum  ,        , , , ," (123037004,SCT,""Anatomical Structure"") "," (58095006,SCT,""Interatrial septum"")",6116++, ," rgb(233,138,112)  ",        ,
184,        ventricular septum  ,        , , , ," (123037004,SCT,""Anatomical Structure"") ","(589001,SCT,""Interventricular septum"")",6116, ," rgb(195,100,73)  ",        ,
185,        right ventricle of heart  ,        , , , ," (123037004,SCT,""Anatomical Structure"") ","(53085002,SCT,""Right ventricle"")",7152,        ," rgb(181,85,57)  ","        SCT code is precordinated, no need for laterality modifier ",     
186,        left ventricle of heart  ,        , , , ," (123037004,SCT,""Anatomical Structure"") ","(87878005,SCT,""Left ventricle"")",7152,        ," rgb(152,55,13)  ","        SCT code is precordinated, no need for laterality modifier ",     
187,        mitral valve  ,        , , , ," (123037004,SCT,""Anatomical Structure"") ","(91134007,SCT,""Mitral valve"") ",6113, ," rgb(159,63,27)  ",        ,
188,        tricuspid valve  ,        , , , ," (123037004,SCT,""Anatomical Structure"") ","(46030003,SCT,""Tricuspid valve"")",6113, ," rgb(166,70,38)  ",        ,
189,        aortic valve  ,        , , , ," (123037004,SCT,""Anatomical Structure"") ","(34202007,SCT,""Aortic valve"")",6113, ," rgb(218,123,97)  ",        ,
190,        pulmonary valve  ,        , , , ," (123037004,SCT,""Anatomical Structure"") ","(39057004,SCT,""Pulmonary valve"")",6113, ," rgb(225,130,104)  ",        ,
191,        aorta  ,        , , , ," (123037004,SCT,""Anatomical Structure"") ","(15825003,SCT,""Aorta"")",7152,        ," rgb(224,97,76)  ","        ? need specific parts (ascending, arch, descending thoracic, abdominal) ",
192,        pericardium  ,        , , , ," (123037004,SCT,""Anatomical Structure"") ","(76848001,SCT,""Pericardium"")",7152++, ," rgb(255,244,209)  ",        ,
193,        pericardial cavity  ,        , , , ," (123037004,SCT,""Anatomical Structure"") ","(25489000,SCT,""Pericardial cavity"")",7152++, ," rgb(184,122,154)  ",        ,
194,        esophagus  ,        , , , ," (123037004,SCT,""Anatomical Structure"") ","(32849002,SCT,""Esophagus"")",7155++, ," rgb(211,171,143)  ",        ,
195,        thymus  ,        , , , ," (123037004,SCT,""Anatomical Structure"") ","(9875009,SCT,""Thymus"")",7155++, ," rgb(47,150,103)  ",        ,
196,        mediastinum  ,        , , , ," (123037004,SCT,""Anatomical Structure"") ","(72410000,SCT,""Mediastinum"")",7155++, ," rgb(255,244,209)  ",        ,
197,        skin of thoracic wall  ,        , , , ," (123037004,SCT,""Anatomical Structure"") ","(74160004,SCT,""Skin of chest"")",7155++, ," rgb(173,121,88)  ",        ,
198,        muscles of thoracic wall  ,        , , , ," (123037004,SCT,""Anatomical Structure"") ","(372074006,SCT,""Chest wall muscle"")",7155++, ," rgb(188,95,76)  ",        ,
199,        skeleton of thorax  ,        , , , ," (123037004,SCT,""Anatomical Structure"") ","(272710004,SCT,""Bone of thorax"")",7155++, ," rgb(255,239,172)  ",        ,
200,        thoracic vertebral column  ,        , , , ," (123037004,SCT,""Anatomical Structure"") ","(122495006,SCT,""Thoracic spine"")",7155++, ," rgb(226,202,134)  ",        ,
201,        ribs  ,        , , , ," (123037004,SCT,""Anatomical Structure"") ","(113197003,SCT,""Rib"")",7155++, ," rgb(253,232,158)  ",        ,
202,        sternum  ,        , , , ," (123037004,SCT,""Anatomical Structure"") ","(56873002,SCT,""Sternum"")",7155++, ," rgb(244,217,154)  ",        ,
203,        right clavicle  ,        , , , ," (123037004,SCT,""Anatomical Structure"") ","(51299004,SCT,""Clavicle"")",7155++," (24028007,SCT,""Right"") ","        rgb(205,179,108)  ",        ,
204,        left clavicle  ,        , , , ," (123037004,SCT,""Anatomical Structure"") ","(51299004,SCT,""Clavicle"")",7155++,"        (7771000,SCT,""Left"") ","        rgb(205,179,108)  ",        ,
205,abdominal cavity,        , , , ," (123037004,SCT,""Anatomical Structure"") ","(52731004,SCT,""Abdominal cavity"")",7154++, ," rgb(186,124,161)  ",        ,
206,        abdomen  ,        , , , ," (123037004,SCT,""Anatomical Structure"") ","(113345001,SCT,""Abdomen"")",7154++, ," rgb(177,122,101)  ",        ,
207,        peritoneum  ,        , , , ," (123037004,SCT,""Anatomical Structure"") ","(15425007,SCT,""Peritoneum"")",7154++, ," rgb(255,255,220)  ",        ,
208,        omentum  ,        , , , ," (123037004,SCT,""Anatomical Structure"") ","(27398004,SCT,""Omentum"")",7154++, ," rgb(234,234,194)  ",        ,
209,        peritoneal cavity  ,        , , , ," (123037004,SCT,""Anatomical Structure"") ","(83670000,SCT,""Peritoneal cavity"")",7154++, ," rgb(204,142,178)  ",        ,
210,      retroperitoneal space,        , , , ," (123037004,SCT,""Anatomical Structure"") ","(82849001,SCT,""Retroperitoneal space"")",7154++, ," rgb(180,119,153)  ",        ,
211,        stomach  ,        , , , ," (123037004,SCT,""Anatomical Structure"") ","(69695003,SCT,""Stomach"")",4031, ," rgb(216,132,105)  ",        ,
212,        duodenum  ,        , , , ," (123037004,SCT,""Anatomical Structure"") ","(38848004,SCT,""Duodenum"")",4031, ," rgb(255,253,229)  ",        ,
213,        small bowel  ,        , , , ," (123037004,SCT,""Anatomical Structure"") ","(30315005,SCT,""Small intestine"")",7154++, ," rgb(205,167,142)  ",        ,
214,        colon  ,        , , , ," (123037004,SCT,""Anatomical Structure"") ","(71854001,SCT,""Colon"")",4031, ," rgb(204,168,143)  ",        ,
215,        anus  ,        , , , ," (123037004,SCT,""Anatomical Structure"") ","(53505006,SCT,""Anus"")",4031++, ," rgb(255,224,199)  ",        ,
216,        liver  ,        , , , ," (123037004,SCT,""Anatomical Structure"") ","(10200004,SCT,""Liver"")",7154,        ," rgb(221,130,101)  ",        ,
217,        biliary tree  ,        , , , ," (123037004,SCT,""Anatomical Structure"") ","(28273000,SCT,""Bile Duct"")",7154++, ," rgb(0,145,30)  ",        ,
218,        gallbladder  ,        , , , ," (123037004,SCT,""Anatomical Structure"") ","(28231008,SCT,""Gallbladder"")",4031, ," rgb(139,150,98)  ",        ,
219,        pancreas  ,        , , , ," (123037004,SCT,""Anatomical Structure"") ","(15776009,SCT,""Pancreas"")",4030, ," rgb(249,180,111)  ",        ,
220,        spleen  ,        , , , ," (123037004,SCT,""Anatomical Structure"") ","(78961009,SCT,""Spleen"")",7154,        ," rgb(157,108,162)  ",        ,
221,        urinary system  ,        , , , ," (123037004,SCT,""Anatomical Structure"") ","(122489005,SCT,""Urinary system"")",7154++, ," rgb(203,136,116)  ",        ,
222,        right kidney  ,        , , , ," (123037004,SCT,""Anatomical Structure"") ","(64033007,SCT,""Kidney"")",7154,"        (24028007,SCT,""Right"") ","        rgb(185,102,83)  ",        ,
223,        left kidney  ,        , , , ," (123037004,SCT,""Anatomical Structure"") ","(64033007,SCT,""Kidney"")",7154,"        (7771000,SCT,""Left"") ","        rgb(185,102,83)  ",        ,
224,        right ureter  ,        , , , ," (123037004,SCT,""Anatomical Structure"") ","(87953007,SCT,""Ureter"")",4031, ," rgb(247,182,164)  ",        ,
225,        left ureter  ,        , , , ," (123037004,SCT,""Anatomical Structure"") ","(87953007,SCT,""Ureter"")",4031, ," rgb(247,182,164)  ",        ,
226,        urinary bladder  ,        , , , ," (123037004,SCT,""Anatomical Structure"") ","(89837001,SCT,""Bladder"")",7160,        ," rgb(222,154,132)  ",        ,
227,        urethra  ,        , , , ," (123037004,SCT,""Anatomical Structure"") ","(13648007,SCT,""Urethra"")",4031, ," rgb(124,186,223)  ",        ,
228,        right adrenal gland  ,        , , , ," (123037004,SCT,""Anatomical Structure"") ","(23451007,SCT,""Adrenal gland"")",7154,"        (24028007,SCT,""Right"") ","        rgb(249,186,150)  ",        ,
229,        left adrenal gland  ,        , , , ," (123037004,SCT,""Anatomical Structure"") ","(23451007,SCT,""Adrenal gland"")",7154,"        (7771000,SCT,""Left"") ","        rgb(249,186,150)  ",        ,
230,        female internal genitalia  ,        , , , ," (123037004,SCT,""Anatomical Structure"") ","(87759004,SCT,""Female internal genitalia"")      ",7160++, ," rgb(244,170,147)  ",        ,
231,        uterus  , , , , ," (123037004,SCT,""Anatomical Structure"") ","(35039007,SCT,""Uterus"")",7160,        ," rgb(255,181,158)  ",        ,
232,        right fallopian tube  ,        , , , ," (123037004,SCT,""Anatomical Structure"") ","(31435000,SCT,""Fallopian tube"")",7160++, ," rgb(255,190,165)  ",        ,
233,        left fallopian tube  ,        , , , ," (123037004,SCT,""Anatomical Structure"") ","(31435000,SCT,""Fallopian tube"")",7160++, ," rgb(227,153,130)  ",        ,
234,        right ovary  ,        , , , ," (123037004,SCT,""Anatomical Structure"") ","(15497006,SCT,""Ovary"")",7160,"        (24028007,SCT,""Right"") ","        rgb(213,141,113)  ",        ,
235,        left ovary  ,        , , , ," (123037004,SCT,""Anatomical Structure"") ","(15497006,SCT,""Ovary"")",7160,"        (7771000,SCT,""Left"") ","        rgb(213,141,113)  ",        ,
236,        vagina  ,        , , , ," (123037004,SCT,""Anatomical Structure"") ","(76784001,SCT,""Vagina"")",7160++, ," rgb(193,123,103)  ",        ,
237,        male internal genitalia  ,        , , , ," (123037004,SCT,""Anatomical Structure"") ","(38242008,SCT,""Male internal genitalia"")",7160++, ," rgb(216,146,127)  ",        ,
238,        prostate  ,        , , , ," (123037004,SCT,""Anatomical Structure"") ","(41216001,SCT,""Prostate"")",7160, ," rgb(230,158,140)  ",        ,
239,        right seminal vesicle  ,        , , , ," (123037004,SCT,""Anatomical Structure"")       ","(64739004,SCT,""Seminal vesicle"")",7160," (24028007,SCT,""Right"") ","        rgb(245,172,147)  ",        ,
240,        left seminal vesicle  ,        , , , ," (123037004,SCT,""Anatomical Structure"") ","(64739004,SCT,""Seminal vesicle"")",7160,"        (7771000,SCT,""Left"") ","        rgb(245,172,147)  ",        ,
241,        right deferent duct  ,        , , , ," (123037004,SCT,""Anatomical Structure"") ","(57671007,SCT,""Vas deferens"")",7160++," (24028007,SCT,""Right"") "," rgb(241,172,151)  ",        ,
242,        left deferent duct  ,        , , , ," (123037004,SCT,""Anatomical Structure"") ","(57671007,SCT,""Vas deferens"")",7160++,"        (7771000,SCT,""Left"") "," rgb(241,172,151)  ",        ,
243,        skin of abdominal wall  ,        , , , ," (123037004,SCT,""Anatomical Structure"") ","(75093004,SCT,""Skin of abdomen"")",7154++, ," rgb(177,124,92)  ",        ,
244,        muscles of abdominal wall  ,        , , , ," (123037004,SCT,""Anatomical Structure"") ","(195879000,SCT,""Abdominal wall muscle"")",7154++, ," rgb(171,85,68)  ",        ,
245,        skeleton of abdomen  ,        , , , , , ,7154++, ," rgb(217,198,131)  ",        ,
246,        lumbar vertebral column  ,        , , , ," (123037004,SCT,""Anatomical Structure"") ","(122496007,SCT,""Lumbar spine"")",4031 edited, ," rgb(212,188,102)  ",        ,
247,        female external genitalia  ,        , , , ," (123037004,SCT,""Anatomical Structure"") ","(86969008,SCT,""Female external genitalia"")",7160++, ," rgb(185,135,134)  ",        ,
248,        male external genitalia  ,        , , , ," (123037004,SCT,""Anatomical Structure"") ","(90418005,SCT,""Male external genitalia"")",7160++, ," rgb(185,135,134)  ",        ,
249,        skeleton of upper limb  ,        , , , ," (123037004,SCT,""Anatomical Structure"") ","(371195002,SCT,""Bone of upper limb"")",4031, ," rgb(198,175,125)  ",        ,
250,        muscles of upper limb  ,        , , , ," (123037004,SCT,""Anatomical Structure"") ","(30608006,SCT,""Muscle of upper limb"")",4031, ," rgb(194,98,79)  ",        ,
251,        right upper limb  ,        , , , ," (123037004,SCT,""Anatomical Structure"") "," (53120007,SCT,""Upper limb"")",4031,"        (24028007,SCT,""Right"") "," rgb(177,122,101)  ",        ,
252,        left upper limb  ,        , , , ," (123037004,SCT,""Anatomical Structure"") "," (53120007,SCT,""Upper limb"")",4031,"        (7771000,SCT,""Left"") "," rgb(177,122,101)  ",        ,
253,        right shoulder  ,        , , , ," (123037004,SCT,""Anatomical Structure"") "," (16982005,SCT,""Shoulder"")",4031,"        (24028007,SCT,""Right"") "," rgb(177,122,101)  ","Code is region, not joint",
254,        left shoulder  ,        , , , ," (123037004,SCT,""Anatomical Structure"") "," (16982005,SCT,""Shoulder"")",4031,"        (7771000,SCT,""Left"") "," rgb(177,122,101)  ","Code is region, not joint",
255,        right arm  ,        , , , ," (123037004,SCT,""Anatomical Structure"") "," (40983000,SCT,""Upper arm"")",4031,"        (24028007,SCT,""Right"") "," rgb(177,122,101)  ",        ,
256,        left arm  ,        , , , ," (123037004,SCT,""Anatomical Structure"") "," (40983000,SCT,""Upper arm"")",4031,"        (7771000,SCT,""Left"") "," rgb(177,122,101)  ",        ,
257,        right elbow  ,        , , , ," (123037004,SCT,""Anatomical Structure"") "," (16953009,SCT,""Elbow"")",4031,"        (24028007,SCT,""Right"") "," rgb(177,122,101)  ","Code is region, not joint",
258,        left elbow  ,        , , , ," (123037004,SCT,""Anatomical Structure"") "," (16953009,SCT,""Elbow"")",4031,"        (7771000,SCT,""Left"") "," rgb(177,122,101)  ","Code is region, not joint",
259,        right forearm  ,        , , , ," (123037004,SCT,""Anatomical Structure"") "," (14975008,SCT,""Forearm"")",4031,"        (24028007,SCT,""Right"") "," rgb(177,122,101)  ",        ,
260,        left forearm  ,        , , , ," (123037004,SCT,""Anatomical Structure"") "," (14975008,SCT,""Forearm"")",4031,"        (7771000,SCT,""Left"") "," rgb(177,122,101)  ",        ,
261,        right wrist  ,        , , , ," (123037004,SCT,""Anatomical Structure"") "," (8205005,SCT,""Wrist"")",4031,"        (24028007,SCT,""Right"") "," rgb(177,122,101)  ","Code is region, not joint",
262,        left wrist  ,        , , , ," (123037004,SCT,""Anatomical Structure"") "," (8205005,SCT,""Wrist"")",4031,"        (7771000,SCT,""Left"") "," rgb(177,122,101)  ","Code is region, not joint",
263,        right hand  ,        , , , ," (123037004,SCT,""Anatomical Structure"") "," (85562004,SCT,""Hand"")",4031,"        (24028007,SCT,""Right"") "," rgb(177,122,101)  ",        ,
264,        left hand  ,        , , , ," (123037004,SCT,""Anatomical Structure"") "," (85562004,SCT,""Hand"")",4031,"        (7771000,SCT,""Left"") "," rgb(177,122,101)  ",        ,
265,        skeleton of lower limb  ,        , , , ," (123037004,SCT,""Anatomical Structure"") ","(72001000,SCT,""Bone of lower limb"")",4031, ," rgb(255,238,170)  ",        ,
266,        muscles of lower limb  ,        , , , ," (123037004,SCT,""Anatomical Structure"") ","(102292000,SCT,""Muscle of lower limb"")",4031, ," rgb(206,111,93)  ",        ,
267,        right lower limb  ,        , , , ," (123037004,SCT,""Anatomical Structure"") "," (61685007,SCT,""Lower limb"")",4031,"        (24028007,SCT,""Right"") "," rgb(177,122,101)  ",        ,
268,        left lower limb  ,        , , , ," (123037004,SCT,""Anatomical Structure"") "," (61685007,SCT,""Lower limb"")",4031,"        (7771000,SCT,""Left"") "," rgb(177,122,101)  ",        ,
269,        right hip  ,        , , , ," (123037004,SCT,""Anatomical Structure"") "," (29836001,SCT,""Hip"")",4031,"        (24028007,SCT,""Right"") "," rgb(177,122,101)  ","Code is region, not joint",
270,        left hip  ,        , , , ," (123037004,SCT,""Anatomical Structure"") "," (29836001,SCT,""Hip"")",4031,"        (7771000,SCT,""Left"") "," rgb(177,122,101)  ","Code is region, not joint",
271,        right thigh  ,        , , , ," (123037004,SCT,""Anatomical Structure"") "," (68367000,SCT,""Thigh"")",4031,"        (24028007,SCT,""Right"") "," rgb(177,122,101)  ",        ,
272,        left thigh  ,        , , , ," (123037004,SCT,""Anatomical Structure"") "," (68367000,SCT,""Thigh"")",4031,"        (7771000,SCT,""Left"") "," rgb(177,122,101)  ",        ,
273,        right knee  ,        , , , ," (123037004,SCT,""Anatomical Structure"") "," (72696002,SCT,""Knee"")",4031,"        (24028007,SCT,""Right"") "," rgb(177,122,101)  ","Code is region, not joint",
274,        left knee  ,        , , , ," (123037004,SCT,""Anatomical Structure"") "," (72696002,SCT,""Knee"")",4031,"        (7771000,SCT,""Left"") "," rgb(177,122,101)  ","Code is region, not joint",
275,        right leg  ,        , , , ," (123037004,SCT,""Anatomical Structure"") ","(30021000,SCT,""Lower leg"")",4031,"        (24028007,SCT,""Right"") "," rgb(177,122,101)  ",        ,
276,        left leg  ,        , , , ," (123037004,SCT,""Anatomical Structure"") ","(30021000,SCT,""Lower leg"")",4031,"        (7771000,SCT,""Left"") "," rgb(177,122,101)  ",        ,
277,        right foot  ,        , , , ," (123037004,SCT,""Anatomical Structure"") ","(56459004,SCT,""Foot"")       ",4031,"        (24028007,SCT,""Right"") "," rgb(177,122,101)  ",        ,
278,        left foot  ,        , , , ," (123037004,SCT,""Anatomical Structure"") ","(56459004,SCT,""Foot"")       ",4031,"        (7771000,SCT,""Left"") "," rgb(177,122,101)  ",        ,
279,        peripheral nervous system  ,        , , , ," (123037004,SCT,""Anatomical Structure"") ","(3058005,SCT,""Peripheral nervous system"")",716z, ," rgb(216,186,0)  ",        ,
280,        autonomic nerve  ,        , , , ," (123037004,SCT,""Anatomical Structure"") ","(53520000,SCT,""Autonomic nerve"")",716z, ," rgb(255,226,77)  ",        ,
281,        sympathetic trunk  ,        , , , ," (123037004,SCT,""Anatomical Structure"") ","(44909008,SCT,""Sympathetic trunk"")",716z, ," rgb(255,243,106)  ",        ,
282,        cranial nerves  ,        , , , ," (123037004,SCT,""Anatomical Structure"") ","(25238003,SCT,""Cranial nerve"")",716z, ," rgb(255,234,92)  ",        ,
283,        vagus nerve  ,        , , , ," (123037004,SCT,""Anatomical Structure"") ","(88882009,SCT,""Vagus nerve"")",716z, ," rgb(240,210,35)  ",        ,
284,        peripheral nerve  ,        , , , ," (123037004,SCT,""Anatomical Structure"") ","(84782009,SCT,""Peripheral nerve"")",716z, ," rgb(224,194,0)  ",        ,
285,        circulatory system  ,        , , , ," (123037004,SCT,""Anatomical Structure"") ","(113257007,SCT,""Cardiovascular system"")",7156++, ," rgb(213,99,79)  ",        ,
286,        systemic arterial system  ,        , , , ," (123037004,SCT,""Anatomical Structure"") ","(281159003,SCT,""Systemic artery"")",7156++, ," rgb(217,102,81)  ",        ,
287,        systemic venous system  ,        , , , ," (123037004,SCT,""Anatomical Structure"") ","(360592004,SCT,""Systemic vein"")",7156++, ," rgb(0,147,202)  ",        ,
288,        pulmonary arterial system  ,        , , , ," (123037004,SCT,""Anatomical Structure"") ","(81040000,SCT,""Pulmonary artery"")",6117, ," rgb(0,122,171)  ",        ,
289,        pulmonary venous system  ,        , , , ," (123037004,SCT,""Anatomical Structure"") ","(122972007,SCT,""Pulmonary vein"")",6117, ," rgb(186,77,64)  ",        ,
290,        lymphatic system  ,        , , , ," (123037004,SCT,""Anatomical Structure"") ","(89890002,SCT,""Lymphatic system"")",716y, ," rgb(111,197,131)  ",        ,
291,        needle  ,        , , , ," (260787004,SCT,""Physical Object"") ","        (79068005,SCT,""Needle"")",7157++,        ," rgb(240,255,30)  ",        ,
292,        region 0  ,        , , , , , ,, ," rgb(185,232,61)  ",        ,
293,        region 1  ,        , , , , , ,, ," rgb(0,226,255)  ",        ,
294,        region 2  ,        , , , , , ,, ," rgb(251,159,255)  ",        ,
295,        region 3  ,        , , , , , ,, ," rgb(230,169,29)  ",        ,
296,        region 4  ,        , , , , , ,, ," rgb(0,194,113)  ",        ,
297,        region 5  ,        , , , , , ,, ," rgb(104,160,249)  ",        ,
298,        region 6  ,        , , , , , ,, ," rgb(221,108,158)  ",        ,
299,        region 7  ,        , , , , , ,, ," rgb(137,142,0)  ",        ,
300,        region 8  ,        , , , , , ,, ," rgb(230,70,0)  ",        ,
301,        region 9  ,        , , , , , ,, ," rgb(0,147,0)  ",        ,
302,        region 10  ,        , , , , , ,, ," rgb(0,147,248)  ",        ,
303,        region 11  ,        , , , , , ,, ," rgb(231,0,206)  ",        ,
304,        region 12  ,        , , , , , ,, ," rgb(129,78,0)  ",        ,
305,        region 13  ,        , , , , , ,, ," rgb(0,116,0)  ",        ,
306,        region 14  ,        , , , , , ,, ," rgb(0,0,255)  ",        ,
307,        region 15  ,        , , , , , ,, ," rgb(157,0,0)  ",        ,
308,        unknown  ,        , , , , , ,, ," rgb(100,100,130)  ",        ,
309,        cyst  ,        , , , ," (49755003,SCT,""Morphologically Altered Structure"") ","        (367643001,SCT,""Cyst"")",7159,        ," rgb(205,205,100)  ",        ,
